[
	{
		"anonymous": false,
		"inputs": [
			{
				"indexed": true,
				"internalType": "address",
				"name": "user",
				"type": "address"
			},
			{
				"indexed": false,
				"internalType": "string",
				"name": "centerName",
				"type": "string"
			},
			{
				"indexed": false,
				"internalType": "string",
				"name": "sport",
				"type": "string"
			},
			{
				"indexed": false,
				"internalType": "uint256",
				"name": "amount",
				"type": "uint256"
			}
		],
		"name": "BookingCancelled",
		"type": "event"
	},
	{
		"anonymous": false,
		"inputs": [
			{
				"indexed": true,
				"internalType": "address",
				"name": "user",
				"type": "address"
			},
			{
				"indexed": false,
				"internalType": "string",
				"name": "sport",
				"type": "string"
			},
			{
				"indexed": false,
				"internalType": "string",
				"name": "centerName",
				"type": "string"
			},
			{
				"indexed": false,
				"internalType": "uint256",
				"name": "amount",
				"type": "uint256"
			},
			{
				"indexed": false,
				"internalType": "uint256",
				"name": "timestamp",
				"type": "uint256"
			}
		],
		"name": "NewBooking",
		"type": "event"
	},
	{
		"inputs": [
			{
				"internalType": "string",
				"name": "_sport",
				"type": "string"
			},
			{
				"internalType": "string",
				"name": "_centerName",
				"type": "string"
			}
		],
		"name": "bookSession",
		"outputs": [],
		"stateMutability": "payable",
		"type": "function"
	},
	{
		"inputs": [
			{
				"internalType": "string",
				"name": "_sport",
				"type": "string"
			},
			{
				"internalType": "string",
				"name": "_centerName",
				"type": "string"
			},
			{
				"internalType": "uint256",
				"name": "_tokenAmount",
				"type": "uint256"
			}
		],
		"name": "bookWithTokenSession",
		"outputs": [],
		"stateMutability": "nonpayable",
		"type": "function"
	},
	{
		"inputs": [
			{
				"internalType": "uint256",
				"name": "index",
				"type": "uint256"
			}
		],
		"name": "cancelBooking",
		"outputs": [],
		"stateMutability": "nonpayable",
		"type": "function"
	},
	{
		"inputs": [],
		"name": "withdrawAllETH",
		"outputs": [],
		"stateMutability": "nonpayable",
		"type": "function"
	},
	{
		"inputs": [],
		"name": "withdrawTokens",
		"outputs": [],
		"stateMutability": "nonpayable",
		"type": "function"
	},
	{
		"inputs": [
			{
				"internalType": "address",
				"name": "_tokenAddress",
				"type": "address"
			}
		],
		"stateMutability": "nonpayable",
		"type": "constructor"
	},
	{
		"inputs": [
			{
				"internalType": "address",
				"name": "user",
				"type": "address"
			}
		],
		"name": "getBookingCount",
		"outputs": [
			{
				"internalType": "uint256",
				"name": "",
				"type": "uint256"
			}
		],
		"stateMutability": "view",
		"type": "function"
	},
	{
		"inputs": [
			{
				"internalType": "address",
				"name": "_user",
				"type": "address"
			}
		],
		"name": "getBookingsByUser",
		"outputs": [
			{
				"components": [
					{
						"internalType": "string",
						"name": "sport",
						"type": "string"
					},
					{
						"internalType": "string",
						"name": "centerName",
						"type": "string"
					},
					{
						"internalType": "uint256",
						"name": "amount",
						"type": "uint256"
					},
					{
						"internalType": "uint256",
						"name": "timestamp",
						"type": "uint256"
					},
					{
						"internalType": "bool",
						"name": "isToken",
						"type": "bool"
					}
				],
				"internalType": "struct BookingContract.Booking[]",
				"name": "",
				"type": "tuple[]"
			}
		],
		"stateMutability": "view",
		"type": "function"
	},
	{
		"inputs": [],
		"name": "getContractBalance",
		"outputs": [
			{
				"internalType": "uint256",
				"name": "",
				"type": "uint256"
			}
		],
		"stateMutability": "view",
		"type": "function"
	},
	{
		"inputs": [],
		"name": "getTokenBalance",
		"outputs": [
			{
				"internalType": "uint256",
				"name": "",
				"type": "uint256"
			}
		],
		"stateMutability": "view",
		"type": "function"
	},
	{
		"inputs": [],
		"name": "owner",
		"outputs": [
			{
				"internalType": "address",
				"name": "",
				"type": "address"
			}
		],
		"stateMutability": "view",
		"type": "function"
	},
	{
		"inputs": [],
		"name": "tokenAddress",
		"outputs": [
			{
				"internalType": "address",
				"name": "",
				"type": "address"
			}
		],
		"stateMutability": "view",
		"type": "function"
	},
	{
		"inputs": [
			{
				"internalType": "address",
				"name": "",
				"type": "address"
			},
			{
				"internalType": "uint256",
				"name": "",
				"type": "uint256"
			}
		],
		"name": "userBookings",
		"outputs": [
			{
				"internalType": "string",
				"name": "sport",
				"type": "string"
			},
			{
				"internalType": "string",
				"name": "centerName",
				"type": "string"
			},
			{
				"internalType": "uint256",
				"name": "amount",
				"type": "uint256"
			},
			{
				"internalType": "uint256",
				"name": "timestamp",
				"type": "uint256"
			},
			{
				"internalType": "bool",
				"name": "isToken",
				"type": "bool"
			}
		],
		"stateMutability": "view",
		"type": "function"
	}
]