[
	{
		"anonymous": false,
		"inputs": [
			{
				"indexed": true,
				"internalType": "address",
				"name": "reviewer",
				"type": "address"
			},
			{
				"indexed": false,
				"internalType": "string",
				"name": "centerName",
				"type": "string"
			},
			{
				"indexed": false,
				"internalType": "uint8",
				"name": "rating",
				"type": "uint8"
			},
			{
				"indexed": false,
				"internalType": "uint256",
				"name": "timestamp",
				"type": "uint256"
			}
		],
		"name": "NewReview",
		"type": "event"
	},
	{
		"inputs": [
			{
				"internalType": "string",
				"name": "_centerName",
				"type": "string"
			},
			{
				"internalType": "string",
				"name": "_message",
				"type": "string"
			},
			{
				"internalType": "uint8",
				"name": "_rating",
				"type": "uint8"
			}
		],
		"name": "addReview",
		"outputs": [],
		"stateMutability": "nonpayable",
		"type": "function"
	},
	{
		"inputs": [
			{
				"internalType": "string",
				"name": "",
				"type": "string"
			},
			{
				"internalType": "uint256",
				"name": "",
				"type": "uint256"
			}
		],
		"name": "centerReviews",
		"outputs": [
			{
				"internalType": "address",
				"name": "reviewer",
				"type": "address"
			},
			{
				"internalType": "string",
				"name": "message",
				"type": "string"
			},
			{
				"internalType": "uint8",
				"name": "rating",
				"type": "uint8"
			},
			{
				"internalType": "uint256",
				"name": "timestamp",
				"type": "uint256"
			}
		],
		"stateMutability": "view",
		"type": "function"
	},
	{
		"inputs": [
			{
				"internalType": "string",
				"name": "_centerName",
				"type": "string"
			}
		],
		"name": "getReviews",
		"outputs": [
			{
				"components": [
					{
						"internalType": "address",
						"name": "reviewer",
						"type": "address"
					},
					{
						"internalType": "string",
						"name": "message",
						"type": "string"
					},
					{
						"internalType": "uint8",
						"name": "rating",
						"type": "uint8"
					},
					{
						"internalType": "uint256",
						"name": "timestamp",
						"type": "uint256"
					}
				],
				"internalType": "struct ReviewContract.Review[]",
				"name": "",
				"type": "tuple[]"
			}
		],
		"stateMutability": "view",
		"type": "function"
	}
]